cluster_id,n_nodes,n_seed,sum_kzt_internal,top_gids,hypothesis
1,278,1,31237334.24,100000000437046100;100000005910114100;100000002957787100;100000006866783100;100000008477350100,"Назначение группы по наблюдаемым переводам не установлено. Связей между разными участниками 399; узлов сбора 0, распределения 0. Отношение суммы min(вход, выход) подходящих участников к внутреннему обороту 3.1% не достигает порога 25%; имеющихся признаков недостаточно. Через границу группы: вход 5 220 762,55 KZT, выход 7 053 720,34 KZT; внутренний оборот 31 237 334,24 KZT. Группа выделена по связям, а не по общему владельцу; гипотеза не устанавливает виновность. Видны только переводы внутри банка за июль от 5 000 KZT; внешние потоки и остатки неизвестны. У 1 исходных клиентов (seed) входящие потоки неполны; полный баланс группы неизвестен. На границе четвёртого колена 63 участников; отсутствие выхода не доказывает удержание средств. Сходство месячных сумм не доказывает передачу тех же денег; одна последовательность переводов может учитываться у нескольких участников. Сумма min(вход, выход) не является объёмом уникальных средств."
2,106,4,16242879.02,100000004015047100;100000005782781100;100000005514161100;100000001616816100;100000006788200100,"Назначение группы по наблюдаемым переводам не установлено. Связей между разными участниками 125; узлов сбора 0, распределения 0. Отношение суммы min(вход, выход) подходящих участников к внутреннему обороту 2.4% не достигает порога 25%; имеющихся признаков недостаточно. Через границу группы: вход 1 923 621,80 KZT, выход 1 071 317,40 KZT; внутренний оборот 16 242 879,02 KZT. Группа выделена по связям, а не по общему владельцу; гипотеза не устанавливает виновность. Видны только переводы внутри банка за июль от 5 000 KZT; внешние потоки и остатки неизвестны. У 4 исходных клиентов (seed) входящие потоки неполны; полный баланс группы неизвестен. На границе четвёртого колена 2 участников; отсутствие выхода не доказывает удержание средств. Сходство месячных сумм не доказывает передачу тех же денег; одна последовательность переводов может учитываться у нескольких участников. Сумма min(вход, выход) не является объёмом уникальных средств."
3,138,3,18838290.00,100000003684369100;100000008165763100;100000008304139100;100000005612411100;100000004077081100,"Возможное распределение средств внутри группы. Распределение: клиент 100000003684369100, внутренних отправителей 10, получателей 48; выход 6 967 214,00 KZT (37.0% внутреннего оборота). Правило выполняют участников: 1. Через границу группы: вход 3 679 645,74 KZT, выход 5 075 907,00 KZT; внутренний оборот 18 838 290,00 KZT. Группа выделена по связям, а не по общему владельцу; гипотеза не устанавливает виновность. Видны только переводы внутри банка за июль от 5 000 KZT; внешние потоки и остатки неизвестны. У 3 исходных клиентов (seed) входящие потоки неполны; полный баланс группы неизвестен. На границе четвёртого колена 6 участников; отсутствие выхода не доказывает удержание средств. Сходство месячных сумм не доказывает передачу тех же денег; одна последовательность переводов может учитываться у нескольких участников. Сумма min(вход, выход) не является объёмом уникальных средств."
4,41,1,4209955.28,100000004156082100;100000008625905100;100000005339662100;100000003159641100;100000004820260100,"Возможное распределение средств внутри группы. Распределение: клиент 100000004156082100, внутренних отправителей 1, получателей 21; выход 2 142 256,00 KZT (50.9% внутреннего оборота). Правило выполняют участников: 1. Через границу группы: вход 330 329,00 KZT, выход 269 260,00 KZT; внутренний оборот 4 209 955,28 KZT. Группа выделена по связям, а не по общему владельцу; гипотеза не устанавливает виновность. Видны только переводы внутри банка за июль от 5 000 KZT; внешние потоки и остатки неизвестны. У 1 исходных клиентов (seed) входящие потоки неполны; полный баланс группы неизвестен. На границе четвёртого колена 3 участников; отсутствие выхода не доказывает удержание средств. Сходство месячных сумм не доказывает передачу тех же денег; одна последовательность переводов может учитываться у нескольких участников. Сумма min(вход, выход) не является объёмом уникальных средств."
5,104,1,21747439.59,100000008710791100;100000008547948100;100000008489922100;100000008752616100;100000008746449100,"Назначение группы по наблюдаемым переводам не установлено. Связей между разными участниками 130; узлов сбора 0, распределения 0. Отношение суммы min(вход, выход) подходящих участников к внутреннему обороту 0.8% не достигает порога 25%; имеющихся признаков недостаточно. Через границу группы: вход 2 338 701,00 KZT, выход 3 624 566,00 KZT; внутренний оборот 21 747 439,59 KZT. Группа выделена по связям, а не по общему владельцу; гипотеза не устанавливает виновность. Видны только переводы внутри банка за июль от 5 000 KZT; внешние потоки и остатки неизвестны. У 1 исходных клиентов (seed) входящие потоки неполны; полный баланс группы неизвестен. На границе четвёртого колена 36 участников; отсутствие выхода не доказывает удержание средств. Сходство месячных сумм не доказывает передачу тех же денег; одна последовательность переводов может учитываться у нескольких участников. Сумма min(вход, выход) не является объёмом уникальных средств."
6,4,0,460000.00,100000006069103100;100000000201868100;100000003192220100;100000006787636100,"Возможное распределение средств внутри группы. Распределение: клиент 100000006069103100, внутренних отправителей 1, получателей 3; выход 270 000,00 KZT (58.7% внутреннего оборота). Правило выполняют участников: 1. Сопоставимые внутренние вход и выход у 1 участников; сумма min(вход, выход) 190 000,00 KZT; отношение этой суммы к внутреннему обороту 41.3%. Ключевой промежуточный клиент 100000000201868100. Через границу группы: вход 38 818,00 KZT, выход 0,00 KZT; внутренний оборот 460 000,00 KZT. Группа выделена по связям, а не по общему владельцу; гипотеза не устанавливает виновность. Видны только переводы внутри банка за июль от 5 000 KZT; внешние потоки и остатки неизвестны. Сходство месячных сумм не доказывает передачу тех же денег; одна последовательность переводов может учитываться у нескольких участников. Сумма min(вход, выход) не является объёмом уникальных средств."
7,5,0,1189154.00,100000000291906100;100000004670388100;100000000291908100;100000004722630100;100000004691350100,"Возможное промежуточное прохождение средств внутри группы. Сопоставимые внутренние вход и выход у 1 участников; сумма min(вход, выход) 380 000,00 KZT; отношение этой суммы к внутреннему обороту 32.0%. Ключевой промежуточный клиент 100000000291906100. Через границу группы: вход 8 000,00 KZT, выход 0,00 KZT; внутренний оборот 1 189 154,00 KZT. Группа выделена по связям, а не по общему владельцу; гипотеза не устанавливает виновность. Видны только переводы внутри банка за июль от 5 000 KZT; внешние потоки и остатки неизвестны. На границе четвёртого колена 2 участников; отсутствие выхода не доказывает удержание средств. Сходство месячных сумм не доказывает передачу тех же денег; одна последовательность переводов может учитываться у нескольких участников. Сумма min(вход, выход) не является объёмом уникальных средств."
8,53,1,2993313.00,100000001899164100;100000003265158100;100000004420041100;100000002193259100;100000007242833100,"Возможное распределение средств внутри группы. Распределение: клиент 100000008680731100, внутренних отправителей 0, получателей 23; выход 1 359 583,00 KZT (45.4% внутреннего оборота). Правило выполняют участников: 1. Через границу группы: вход 275 843,40 KZT, выход 138 771,00 KZT; внутренний оборот 2 993 313,00 KZT. Группа выделена по связям, а не по общему владельцу; гипотеза не устанавливает виновность. Видны только переводы внутри банка за июль от 5 000 KZT; внешние потоки и остатки неизвестны. У 1 исходных клиентов (seed) входящие потоки неполны; полный баланс группы неизвестен. На границе четвёртого колена 8 участников; отсутствие выхода не доказывает удержание средств. Сходство месячных сумм не доказывает передачу тех же денег; одна последовательность переводов может учитываться у нескольких участников. Сумма min(вход, выход) не является объёмом уникальных средств."
9,133,0,17433528.00,100000008603629100;100000007908818100;100000001857829100;100000000413678100;100000002723538100,"Назначение группы по наблюдаемым переводам не установлено. Связей между разными участниками 141; узлов сбора 0, распределения 0. Отношение суммы min(вход, выход) подходящих участников к внутреннему обороту 4.8% не достигает порога 25%; имеющихся признаков недостаточно. Через границу группы: вход 3 431 231,00 KZT, выход 3 876 130,00 KZT; внутренний оборот 17 433 528,00 KZT. Группа выделена по связям, а не по общему владельцу; гипотеза не устанавливает виновность. Видны только переводы внутри банка за июль от 5 000 KZT; внешние потоки и остатки неизвестны. На границе четвёртого колена 49 участников; отсутствие выхода не доказывает удержание средств. Сходство месячных сумм не доказывает передачу тех же денег; одна последовательность переводов может учитываться у нескольких участников. Сумма min(вход, выход) не является объёмом уникальных средств."
10,6,1,1615030.00,100000008193577100;100000008736940100;100000008659445100;100000005456919100;100000008751429100,"Возможное распределение средств внутри группы. Распределение: клиент 100000008193577100, внутренних отправителей 2, получателей 5; выход 480 180,00 KZT (29.7% внутреннего оборота). Правило выполняют участников: 1. Через границу группы: вход 0,00 KZT, выход 0,00 KZT; внутренний оборот 1 615 030,00 KZT. Группа выделена по связям, а не по общему владельцу; гипотеза не устанавливает виновность. Видны только переводы внутри банка за июль от 5 000 KZT; внешние потоки и остатки неизвестны. У 1 исходных клиентов (seed) входящие потоки неполны; полный баланс группы неизвестен."
11,126,0,24907250.33,100000000331309100;100000006889963100;100000008490127100;100000006734214100;100000001330685100,"Возможное распределение средств внутри группы. Распределение: клиент 100000000331309100, внутренних отправителей 1, получателей 74; выход 18 047 990,00 KZT (72.5% внутреннего оборота). Правило выполняют участников: 1. Через границу группы: вход 4 011 966,75 KZT, выход 5 625 010,00 KZT; внутренний оборот 24 907 250,33 KZT. Группа выделена по связям, а не по общему владельцу; гипотеза не устанавливает виновность. Видны только переводы внутри банка за июль от 5 000 KZT; внешние потоки и остатки неизвестны. На границе четвёртого колена 35 участников; отсутствие выхода не доказывает удержание средств. Сходство месячных сумм не доказывает передачу тех же денег; одна последовательность переводов может учитываться у нескольких участников. Сумма min(вход, выход) не является объёмом уникальных средств."
12,53,1,5947339.00,100000000343175100;100000003115284100;100000008730846100;100000003635170100;100000003390036100,"Возможное распределение средств внутри группы. Распределение: клиент 100000000343175100, внутренних отправителей 0, получателей 25; выход 3 394 559,00 KZT (57.1% внутреннего оборота). Правило выполняют участников: 1. Через границу группы: вход 2 121 459,00 KZT, выход 615 680,00 KZT; внутренний оборот 5 947 339,00 KZT. Группа выделена по связям, а не по общему владельцу; гипотеза не устанавливает виновность. Видны только переводы внутри банка за июль от 5 000 KZT; внешние потоки и остатки неизвестны. У 1 исходных клиентов (seed) входящие потоки неполны; полный баланс группы неизвестен. На границе четвёртого колена 7 участников; отсутствие выхода не доказывает удержание средств. Сходство месячных сумм не доказывает передачу тех же денег; одна последовательность переводов может учитываться у нескольких участников. Сумма min(вход, выход) не является объёмом уникальных средств."
13,52,5,4171441.00,100000008346837100;100000005074393100;100000006424479100;100000008733194100;100000001236706100,"Назначение группы по наблюдаемым переводам не установлено. Связей между разными участниками 55; узлов сбора 0, распределения 0. Отношение суммы min(вход, выход) подходящих участников к внутреннему обороту 3.2% не достигает порога 25%; имеющихся признаков недостаточно. Через границу группы: вход 813 305,00 KZT, выход 354 797,00 KZT; внутренний оборот 4 171 441,00 KZT. Группа выделена по связям, а не по общему владельцу; гипотеза не устанавливает виновность. Видны только переводы внутри банка за июль от 5 000 KZT; внешние потоки и остатки неизвестны. У 5 исходных клиентов (seed) входящие потоки неполны; полный баланс группы неизвестен. На границе четвёртого колена 13 участников; отсутствие выхода не доказывает удержание средств. Сходство месячных сумм не доказывает передачу тех же денег; одна последовательность переводов может учитываться у нескольких участников. Сумма min(вход, выход) не является объёмом уникальных средств."
14,15,0,850450.00,100000001526235100;100000001788284100;100000002472632100;100000005505655100;100000000860514100,"Возможное распределение средств внутри группы. Распределение: клиент 100000001526235100, внутренних отправителей 3, получателей 8; выход 432 750,00 KZT (50.9% внутреннего оборота). Правило выполняют участников: 2. Через границу группы: вход 13 070,00 KZT, выход 0,00 KZT; внутренний оборот 850 450,00 KZT. Группа выделена по связям, а не по общему владельцу; гипотеза не устанавливает виновность. Видны только переводы внутри банка за июль от 5 000 KZT; внешние потоки и остатки неизвестны. На границе четвёртого колена 6 участников; отсутствие выхода не доказывает удержание средств. Сходство месячных сумм не доказывает передачу тех же денег; одна последовательность переводов может учитываться у нескольких участников. Сумма min(вход, выход) не является объёмом уникальных средств."
15,15,0,3626010.00,100000008461532100;100000000791285100;100000006704530100;100000003470579100;100000003069463100,"Возможное распределение средств внутри группы. Распределение: клиент 100000008461532100, внутренних отправителей 1, получателей 8; выход 2 530 090,00 KZT (69.8% внутреннего оборота). Правило выполняют участников: 1. Через границу группы: вход 5 300,00 KZT, выход 0,00 KZT; внутренний оборот 3 626 010,00 KZT. Группа выделена по связям, а не по общему владельцу; гипотеза не устанавливает виновность. Видны только переводы внутри банка за июль от 5 000 KZT; внешние потоки и остатки неизвестны. На границе четвёртого колена 6 участников; отсутствие выхода не доказывает удержание средств. Сходство месячных сумм не доказывает передачу тех же денег; одна последовательность переводов может учитываться у нескольких участников. Сумма min(вход, выход) не является объёмом уникальных средств."
16,14,0,1605604.00,100000008213966100;100000007382543100;100000003001661100;100000000838385100;100000008655779100,"Возможное распределение средств внутри группы. Распределение: клиент 100000003001661100, внутренних отправителей 1, получателей 5; выход 439 500,00 KZT (27.4% внутреннего оборота). Правило выполняют участников: 2. Через границу группы: вход 31 000,00 KZT, выход 0,00 KZT; внутренний оборот 1 605 604,00 KZT. Группа выделена по связям, а не по общему владельцу; гипотеза не устанавливает виновность. Видны только переводы внутри банка за июль от 5 000 KZT; внешние потоки и остатки неизвестны. На границе четвёртого колена 6 участников; отсутствие выхода не доказывает удержание средств."
17,127,7,18414962.28,100000001530983100;100000003016635100;100000005287097100;100000004150593100;100000007777377100,"Возможное распределение средств внутри группы. Распределение: клиент 100000003016635100, внутренних отправителей 7, получателей 58; выход 8 960 718,00 KZT (48.7% внутреннего оборота). Правило выполняют участников: 1. Через границу группы: вход 1 214 827,00 KZT, выход 985 115,00 KZT; внутренний оборот 18 414 962,28 KZT. Группа выделена по связям, а не по общему владельцу; гипотеза не устанавливает виновность. Видны только переводы внутри банка за июль от 5 000 KZT; внешние потоки и остатки неизвестны. У 7 исходных клиентов (seed) входящие потоки неполны; полный баланс группы неизвестен. На границе четвёртого колена 6 участников; отсутствие выхода не доказывает удержание средств. Сходство месячных сумм не доказывает передачу тех же денег; одна последовательность переводов может учитываться у нескольких участников. Сумма min(вход, выход) не является объёмом уникальных средств."
18,1,1,0.00,100000000456947100,"Назначение группы по наблюдаемым переводам не установлено. Наблюдаемых связей 0; без переводов определить функцию группы нельзя. Через границу группы: вход 0,00 KZT, выход 0,00 KZT; внутренний оборот 0,00 KZT. Группа выделена по связям, а не по общему владельцу; гипотеза не устанавливает виновность. Видны только переводы внутри банка за июль от 5 000 KZT; внешние потоки и остатки неизвестны. У 1 исходных клиентов (seed) входящие потоки неполны; полный баланс группы неизвестен."
19,106,0,6254194.67,100000005704413100;100000005578559100;100000008545727100;100000005473151100;100000007998965100,"Возможное распределение средств внутри группы. Распределение: клиент 100000008545727100, внутренних отправителей 1, получателей 6; выход 1 866 500,00 KZT (29.8% внутреннего оборота). Правило выполняют участников: 1. Через границу группы: вход 402 247,00 KZT, выход 573 265,00 KZT; внутренний оборот 6 254 194,67 KZT. Группа выделена по связям, а не по общему владельцу; гипотеза не устанавливает виновность. Видны только переводы внутри банка за июль от 5 000 KZT; внешние потоки и остатки неизвестны. На границе четвёртого колена 56 участников; отсутствие выхода не доказывает удержание средств. Сходство месячных сумм не доказывает передачу тех же денег; одна последовательность переводов может учитываться у нескольких участников. Сумма min(вход, выход) не является объёмом уникальных средств."
20,7,0,143000.00,100000004508696100;100000005911352100;100000000507799100;100000002217806100;100000004549591100,"Возможное распределение средств внутри группы. Распределение: клиент 100000004508696100, внутренних отправителей 1, получателей 3; выход 111 000,00 KZT (77.6% внутреннего оборота). Правило выполняют участников: 1. Через границу группы: вход 5 132,00 KZT, выход 0,00 KZT; внутренний оборот 143 000,00 KZT. Группа выделена по связям, а не по общему владельцу; гипотеза не устанавливает виновность. Видны только переводы внутри банка за июль от 5 000 KZT; внешние потоки и остатки неизвестны. На границе четвёртого колена 2 участников; отсутствие выхода не доказывает удержание средств."
21,8,0,2473417.91,100000004906181100;100000008175078100;100000008675322100;100000000557536100;100000008349740100,"Возможное распределение средств внутри группы. Распределение: клиент 100000004906181100, внутренних отправителей 0, получателей 7; выход 2 473 417,91 KZT (100.0% внутреннего оборота). Правило выполняют участников: 1. Через границу группы: вход 100 000,00 KZT, выход 0,00 KZT; внутренний оборот 2 473 417,91 KZT. Группа выделена по связям, а не по общему владельцу; гипотеза не устанавливает виновность. Видны только переводы внутри банка за июль от 5 000 KZT; внешние потоки и остатки неизвестны. На границе четвёртого колена 7 участников; отсутствие выхода не доказывает удержание средств."
22,17,1,21586840.00,100000002224132100;100000004603109100;100000003835149100;100000001965374100;100000005664922100,"Назначение группы по наблюдаемым переводам не установлено. Связей между разными участниками 24; узлов сбора 0, распределения 0. Отношение суммы min(вход, выход) подходящих участников к внутреннему обороту 0.0% не достигает порога 25%; имеющихся признаков недостаточно. Через границу группы: вход 17 000,00 KZT, выход 0,00 KZT; внутренний оборот 21 586 840,00 KZT. Группа выделена по связям, а не по общему владельцу; гипотеза не устанавливает виновность. Видны только переводы внутри банка за июль от 5 000 KZT; внешние потоки и остатки неизвестны. У 1 исходных клиентов (seed) входящие потоки неполны; полный баланс группы неизвестен."
23,270,1,10178044.00,100000002578405100;100000001697501100;100000002527114100;100000002733905100;100000003192309100,"Возможное распределение средств внутри группы. Распределение: клиент 100000002527114100, внутренних отправителей 3, получателей 111; выход 3 289 249,00 KZT (32.3% внутреннего оборота). Правило выполняют участников: 2. Через границу группы: вход 0,00 KZT, выход 0,00 KZT; внутренний оборот 10 178 044,00 KZT. Группа выделена по связям, а не по общему владельцу; гипотеза не устанавливает виновность. Видны только переводы внутри банка за июль от 5 000 KZT; внешние потоки и остатки неизвестны. У 1 исходных клиентов (seed) входящие потоки неполны; полный баланс группы неизвестен. На границе четвёртого колена 4 участников; отсутствие выхода не доказывает удержание средств. Сходство месячных сумм не доказывает передачу тех же денег; одна последовательность переводов может учитываться у нескольких участников. Сумма min(вход, выход) не является объёмом уникальных средств."
24,6,1,1527967.00,100000007939160100;100000000580561100;100000005183943100;100000003888271100;100000000955444100,"Назначение группы по наблюдаемым переводам не установлено. Связей между разными участниками 7; узлов сбора 0, распределения 0. Отношение суммы min(вход, выход) подходящих участников к внутреннему обороту 0.0% не достигает порога 25%; имеющихся признаков недостаточно. Через границу группы: вход 0,00 KZT, выход 0,00 KZT; внутренний оборот 1 527 967,00 KZT. Группа выделена по связям, а не по общему владельцу; гипотеза не устанавливает виновность. Видны только переводы внутри банка за июль от 5 000 KZT; внешние потоки и остатки неизвестны. У 1 исходных клиентов (seed) входящие потоки неполны; полный баланс группы неизвестен."
25,51,0,13990812.00,100000008512827100;100000008742053100;100000005242320100;100000002989353100;100000004368189100,"Возможное распределение средств внутри группы. Распределение: клиент 100000005242320100, внутренних отправителей 2, получателей 20; выход 8 796 295,00 KZT (62.9% внутреннего оборота). Правило выполняют участников: 1. Через границу группы: вход 1 663 545,00 KZT, выход 1 246 800,00 KZT; внутренний оборот 13 990 812,00 KZT. Группа выделена по связям, а не по общему владельцу; гипотеза не устанавливает виновность. Видны только переводы внутри банка за июль от 5 000 KZT; внешние потоки и остатки неизвестны. На границе четвёртого колена 11 участников; отсутствие выхода не доказывает удержание средств."
26,2,0,761255.00,100000000583220100;100000004586598100,"Назначение группы по наблюдаемым переводам не установлено. Связей между разными участниками 1; узлов сбора 0, распределения 0. Отношение суммы min(вход, выход) подходящих участников к внутреннему обороту 0.0% не достигает порога 25%; имеющихся признаков недостаточно. Через границу группы: вход 5 000,00 KZT, выход 0,00 KZT; внутренний оборот 761 255,00 KZT. Группа выделена по связям, а не по общему владельцу; гипотеза не устанавливает виновность. Видны только переводы внутри банка за июль от 5 000 KZT; внешние потоки и остатки неизвестны. На границе четвёртого колена 1 участников; отсутствие выхода не доказывает удержание средств."
27,8,0,389000.00,100000002612809100;100000005507142100;100000005264874100;100000001825934100;100000000600707100,"Возможное распределение средств внутри группы. Распределение: клиент 100000002612809100, внутренних отправителей 1, получателей 3; выход 114 000,00 KZT (29.3% внутреннего оборота). Правило выполняют участников: 1. Через границу группы: вход 23 000,00 KZT, выход 0,00 KZT; внутренний оборот 389 000,00 KZT. Группа выделена по связям, а не по общему владельцу; гипотеза не устанавливает виновность. Видны только переводы внутри банка за июль от 5 000 KZT; внешние потоки и остатки неизвестны. На границе четвёртого колена 4 участников; отсутствие выхода не доказывает удержание средств."
28,13,1,1392916.00,100000001782980100;100000001380054100;100000006232815100;100000005077484100;100000000703894100,"Назначение группы по наблюдаемым переводам не установлено. Связей между разными участниками 14; узлов сбора 0, распределения 0. Отношение суммы min(вход, выход) подходящих участников к внутреннему обороту 0.0% не достигает порога 25%; имеющихся признаков недостаточно. Через границу группы: вход 0,00 KZT, выход 0,00 KZT; внутренний оборот 1 392 916,00 KZT. Группа выделена по связям, а не по общему владельцу; гипотеза не устанавливает виновность. Видны только переводы внутри банка за июль от 5 000 KZT; внешние потоки и остатки неизвестны. У 1 исходных клиентов (seed) входящие потоки неполны; полный баланс группы неизвестен."
29,41,0,5151924.19,100000003242289100;100000008413748100;100000008512552100;100000006225798100;100000002713074100,"Возможное распределение средств внутри группы. Распределение: клиент 100000003242289100, внутренних отправителей 1, получателей 17; выход 2 178 991,00 KZT (42.3% внутреннего оборота). Правило выполняют участников: 2. Через границу группы: вход 919 297,00 KZT, выход 661 478,30 KZT; внутренний оборот 5 151 924,19 KZT. Группа выделена по связям, а не по общему владельцу; гипотеза не устанавливает виновность. Видны только переводы внутри банка за июль от 5 000 KZT; внешние потоки и остатки неизвестны. На границе четвёртого колена 9 участников; отсутствие выхода не доказывает удержание средств."
30,18,0,3422800.00,100000003701161100;100000002267998100;100000003718221100;100000008137435100;100000001063678100,"Возможное распределение средств внутри группы. Распределение: клиент 100000008137435100, внутренних отправителей 0, получателей 5; выход 1 368 300,00 KZT (40.0% внутреннего оборота). Правило выполняют участников: 1. Через границу группы: вход 302 009,00 KZT, выход 51 400,00 KZT; внутренний оборот 3 422 800,00 KZT. Группа выделена по связям, а не по общему владельцу; гипотеза не устанавливает виновность. Видны только переводы внутри банка за июль от 5 000 KZT; внешние потоки и остатки неизвестны. На границе четвёртого колена 2 участников; отсутствие выхода не доказывает удержание средств. Сходство месячных сумм не доказывает передачу тех же денег; одна последовательность переводов может учитываться у нескольких участников. Сумма min(вход, выход) не является объёмом уникальных средств."
31,7,0,3077000.00,100000002241986100;100000001053894100;100000002594214100;100000004047887100;100000001286703100,"Возможное распределение средств внутри группы. Распределение: клиент 100000002241986100, внутренних отправителей 0, получателей 6; выход 3 077 000,00 KZT (100.0% внутреннего оборота). Правило выполняют участников: 1. Через границу группы: вход 280 000,00 KZT, выход 0,00 KZT; внутренний оборот 3 077 000,00 KZT. Группа выделена по связям, а не по общему владельцу; гипотеза не устанавливает виновность. Видны только переводы внутри банка за июль от 5 000 KZT; внешние потоки и остатки неизвестны. На границе четвёртого колена 6 участников; отсутствие выхода не доказывает удержание средств."
32,4,0,518000.00,100000002205022100;100000003163886100;100000000629812100;100000001380107100,"Возможное распределение средств внутри группы. Распределение: клиент 100000002205022100, внутренних отправителей 0, получателей 3; выход 518 000,00 KZT (100.0% внутреннего оборота). Правило выполняют участников: 1. Через границу группы: вход 17 100,00 KZT, выход 0,00 KZT; внутренний оборот 518 000,00 KZT. Группа выделена по связям, а не по общему владельцу; гипотеза не устанавливает виновность. Видны только переводы внутри банка за июль от 5 000 KZT; внешние потоки и остатки неизвестны."
33,20,0,617900.00,100000001427082100;100000003154105100;100000000723383100;100000002185328100;100000002448088100,"Возможное распределение средств внутри группы. Распределение: клиент 100000003154105100, внутренних отправителей 1, получателей 7; выход 338 000,00 KZT (54.7% внутреннего оборота). Правило выполняют участников: 1. Через границу группы: вход 16 800,00 KZT, выход 0,00 KZT; внутренний оборот 617 900,00 KZT. Группа выделена по связям, а не по общему владельцу; гипотеза не устанавливает виновность. Видны только переводы внутри банка за июль от 5 000 KZT; внешние потоки и остатки неизвестны. На границе четвёртого колена 15 участников; отсутствие выхода не доказывает удержание средств."
34,13,0,6748650.00,100000007442518100;100000008258083100;100000000673868100;100000002911170100;100000000821507100,"Возможное распределение средств внутри группы. Распределение: клиент 100000007442518100, внутренних отправителей 1, получателей 8; выход 4 320 000,00 KZT (64.0% внутреннего оборота). Правило выполняют участников: 1. Через границу группы: вход 395 000,00 KZT, выход 99 999,00 KZT; внутренний оборот 6 748 650,00 KZT. Группа выделена по связям, а не по общему владельцу; гипотеза не устанавливает виновность. Видны только переводы внутри банка за июль от 5 000 KZT; внешние потоки и остатки неизвестны. На границе четвёртого колена 2 участников; отсутствие выхода не доказывает удержание средств."
35,17,1,2977887.00,100000004160650100;100000002731501100;100000003616818100;100000004007116100;100000001330595100,"Возможное распределение средств внутри группы. Распределение: клиент 100000004160650100, внутренних отправителей 2, получателей 10; выход 1 489 827,00 KZT (50.0% внутреннего оборота). Правило выполняют участников: 2. Через границу группы: вход 0,00 KZT, выход 0,00 KZT; внутренний оборот 2 977 887,00 KZT. Группа выделена по связям, а не по общему владельцу; гипотеза не устанавливает виновность. Видны только переводы внутри банка за июль от 5 000 KZT; внешние потоки и остатки неизвестны. У 1 исходных клиентов (seed) входящие потоки неполны; полный баланс группы неизвестен. На границе четвёртого колена 1 участников; отсутствие выхода не доказывает удержание средств."
36,30,0,8045494.00,100000008743913100;100000008758168100;100000008710843100;100000005527892100;100000002748532100,"Назначение группы по наблюдаемым переводам не установлено. Связей между разными участниками 34; узлов сбора 0, распределения 0. Отношение суммы min(вход, выход) подходящих участников к внутреннему обороту 0.0% не достигает порога 25%; имеющихся признаков недостаточно. Через границу группы: вход 1 212 920,00 KZT, выход 907 310,00 KZT; внутренний оборот 8 045 494,00 KZT. Группа выделена по связям, а не по общему владельцу; гипотеза не устанавливает виновность. Видны только переводы внутри банка за июль от 5 000 KZT; внешние потоки и остатки неизвестны. На границе четвёртого колена 3 участников; отсутствие выхода не доказывает удержание средств."
37,11,0,3784703.00,100000002175422100;100000003004487100;100000001317336100;100000003557488100;100000002975437100,"Возможное распределение средств внутри группы. Распределение: клиент 100000002175422100, внутренних отправителей 3, получателей 6; выход 1 621 188,00 KZT (42.8% внутреннего оборота). Правило выполняют участников: 1. Через границу группы: вход 68 702,80 KZT, выход 0,00 KZT; внутренний оборот 3 784 703,00 KZT. Группа выделена по связям, а не по общему владельцу; гипотеза не устанавливает виновность. Видны только переводы внутри банка за июль от 5 000 KZT; внешние потоки и остатки неизвестны. На границе четвёртого колена 3 участников; отсутствие выхода не доказывает удержание средств."
38,3,1,450000.00,100000002371751100;100000007018630100;100000000769919100,"Возможное промежуточное прохождение средств внутри группы. Сопоставимые внутренние вход и выход у 1 участников; сумма min(вход, выход) 200 000,00 KZT; отношение этой суммы к внутреннему обороту 44.4%. Ключевой промежуточный клиент 100000002371751100. Через границу группы: вход 0,00 KZT, выход 0,00 KZT; внутренний оборот 450 000,00 KZT. Группа выделена по связям, а не по общему владельцу; гипотеза не устанавливает виновность. Видны только переводы внутри банка за июль от 5 000 KZT; внешние потоки и остатки неизвестны. У 1 исходных клиентов (seed) входящие потоки неполны; полный баланс группы неизвестен. Сходство месячных сумм не доказывает передачу тех же денег; одна последовательность переводов может учитываться у нескольких участников. Сумма min(вход, выход) не является объёмом уникальных средств."
39,9,0,1406982.00,100000002217161100;100000008254576100;100000001445848100;100000007647294100;100000002242066100,"Возможное распределение средств внутри группы. Распределение: клиент 100000002217161100, внутренних отправителей 1, получателей 7; выход 995 132,00 KZT (70.7% внутреннего оборота). Правило выполняют участников: 1. Через границу группы: вход 52 900,00 KZT, выход 0,00 KZT; внутренний оборот 1 406 982,00 KZT. Группа выделена по связям, а не по общему владельцу; гипотеза не устанавливает виновность. Видны только переводы внутри банка за июль от 5 000 KZT; внешние потоки и остатки неизвестны. На границе четвёртого колена 1 участников; отсутствие выхода не доказывает удержание средств."
40,4,1,1404980.00,100000001872484100;100000008601794100;100000000785800100;100000002459163100,"Возможное распределение средств внутри группы. Распределение: клиент 100000001872484100, внутренних отправителей 1, получателей 3; выход 514 580,00 KZT (36.6% внутреннего оборота). Правило выполняют участников: 1. Через границу группы: вход 0,00 KZT, выход 0,00 KZT; внутренний оборот 1 404 980,00 KZT. Группа выделена по связям, а не по общему владельцу; гипотеза не устанавливает виновность. Видны только переводы внутри банка за июль от 5 000 KZT; внешние потоки и остатки неизвестны. У 1 исходных клиентов (seed) входящие потоки неполны; полный баланс группы неизвестен. Сходство месячных сумм не доказывает передачу тех же денег; одна последовательность переводов может учитываться у нескольких участников. Сумма min(вход, выход) не является объёмом уникальных средств."
41,44,0,10215968.84,100000001937767100;100000005933757100;100000004159526100;100000002963189100;100000005958064100,"Возможная смешанная структура: сбор и распределение средств. Сбор: клиент 100000002605308100, внутренних отправителей 3, получателей 0; вход 2 569 521,84 KZT (25.2% внутреннего оборота). Правило выполняют участников: 1. Распределение: клиент 100000002963189100, внутренних отправителей 1, получателей 6; выход 5 209 000,00 KZT (51.0% внутреннего оборота). Правило выполняют участников: 1. Через границу группы: вход 243 701,00 KZT, выход 527 149,00 KZT; внутренний оборот 10 215 968,84 KZT. Группа выделена по связям, а не по общему владельцу; гипотеза не устанавливает виновность. Видны только переводы внутри банка за июль от 5 000 KZT; внешние потоки и остатки неизвестны. На границе четвёртого колена 7 участников; отсутствие выхода не доказывает удержание средств."
42,10,0,322010.00,100000008172352100;100000007322059100;100000004552204100;100000001597505100;100000000993112100,"Возможное распределение средств внутри группы. Распределение: клиент 100000008172352100, внутренних отправителей 0, получателей 7; выход 289 510,00 KZT (89.9% внутреннего оборота). Правило выполняют участников: 1. Через границу группы: вход 90 265,00 KZT, выход 12 920,00 KZT; внутренний оборот 322 010,00 KZT. Группа выделена по связям, а не по общему владельцу; гипотеза не устанавливает виновность. Видны только переводы внутри банка за июль от 5 000 KZT; внешние потоки и остатки неизвестны. На границе четвёртого колена 1 участников; отсутствие выхода не доказывает удержание средств."
43,56,3,13397542.00,100000008637537100;100000008547844100;100000008465789100;100000001732159100;100000008466579100,"Назначение группы по наблюдаемым переводам не установлено. Связей между разными участниками 70; узлов сбора 0, распределения 0. Отношение суммы min(вход, выход) подходящих участников к внутреннему обороту 0.0% не достигает порога 25%; имеющихся признаков недостаточно. Через границу группы: вход 1 435 890,00 KZT, выход 1 289 895,00 KZT; внутренний оборот 13 397 542,00 KZT. Группа выделена по связям, а не по общему владельцу; гипотеза не устанавливает виновность. Видны только переводы внутри банка за июль от 5 000 KZT; внешние потоки и остатки неизвестны. У 3 исходных клиентов (seed) входящие потоки неполны; полный баланс группы неизвестен. На границе четвёртого колена 13 участников; отсутствие выхода не доказывает удержание средств. Сходство месячных сумм не доказывает передачу тех же денег; одна последовательность переводов может учитываться у нескольких участников. Сумма min(вход, выход) не является объёмом уникальных средств."
44,30,1,6513430.00,100000006274203100;100000007594394100;100000003854444100;100000001049200100;100000008546855100,"Возможное распределение средств внутри группы. Распределение: клиент 100000003854444100, внутренних отправителей 1, получателей 12; выход 2 218 366,00 KZT (34.1% внутреннего оборота). Правило выполняют участников: 1. Через границу группы: вход 436 127,00 KZT, выход 147 115,00 KZT; внутренний оборот 6 513 430,00 KZT. Группа выделена по связям, а не по общему владельцу; гипотеза не устанавливает виновность. Видны только переводы внутри банка за июль от 5 000 KZT; внешние потоки и остатки неизвестны. У 1 исходных клиентов (seed) входящие потоки неполны; полный баланс группы неизвестен. На границе четвёртого колена 5 участников; отсутствие выхода не доказывает удержание средств. Сходство месячных сумм не доказывает передачу тех же денег; одна последовательность переводов может учитываться у нескольких участников. Сумма min(вход, выход) не является объёмом уникальных средств."
45,4,0,1595700.00,100000001052945100;100000001131403100;100000004616845100;100000005146665100,"Возможное распределение средств внутри группы. Распределение: клиент 100000001052945100, внутренних отправителей 0, получателей 3; выход 1 595 700,00 KZT (100.0% внутреннего оборота). Правило выполняют участников: 1. Через границу группы: вход 56 520,00 KZT, выход 0,00 KZT; внутренний оборот 1 595 700,00 KZT. Группа выделена по связям, а не по общему владельцу; гипотеза не устанавливает виновность. Видны только переводы внутри банка за июль от 5 000 KZT; внешние потоки и остатки неизвестны. На границе четвёртого колена 3 участников; отсутствие выхода не доказывает удержание средств."
46,5,0,172000.00,100000005031696100;100000004659919100;100000001223977100;100000002700161100;100000008461217100,"Назначение группы по наблюдаемым переводам не установлено. Связей между разными участниками 4; узлов сбора 0, распределения 0. Отношение суммы min(вход, выход) подходящих участников к внутреннему обороту 0.0% не достигает порога 25%; имеющихся признаков недостаточно. Через границу группы: вход 5 000,00 KZT, выход 0,00 KZT; внутренний оборот 172 000,00 KZT. Группа выделена по связям, а не по общему владельцу; гипотеза не устанавливает виновность. Видны только переводы внутри банка за июль от 5 000 KZT; внешние потоки и остатки неизвестны. На границе четвёртого колена 2 участников; отсутствие выхода не доказывает удержание средств."
47,15,0,3436955.00,100000002152857100;100000004221668100;100000006240939100;100000005171642100;100000002459093100,"Возможное распределение средств внутри группы. Распределение: клиент 100000002152857100, внутренних отправителей 0, получателей 3; выход 1 080 000,00 KZT (31.4% внутреннего оборота). Правило выполняют участников: 1. Через границу группы: вход 541 373,00 KZT, выход 190 000,00 KZT; внутренний оборот 3 436 955,00 KZT. Группа выделена по связям, а не по общему владельцу; гипотеза не устанавливает виновность. Видны только переводы внутри банка за июль от 5 000 KZT; внешние потоки и остатки неизвестны. На границе четвёртого колена 3 участников; отсутствие выхода не доказывает удержание средств. Сходство месячных сумм не доказывает передачу тех же денег; одна последовательность переводов может учитываться у нескольких участников. Сумма min(вход, выход) не является объёмом уникальных средств."
48,26,14,2289450.00,100000004041163100;100000005382566100;100000004403675100;100000008254069100;100000003190207100,"Назначение группы по наблюдаемым переводам не установлено. Связей между разными участниками 28; узлов сбора 0, распределения 0. Отношение суммы min(вход, выход) подходящих участников к внутреннему обороту 0.0% не достигает порога 25%; имеющихся признаков недостаточно. Через границу группы: вход 203 680,00 KZT, выход 101 495,00 KZT; внутренний оборот 2 289 450,00 KZT. Группа выделена по связям, а не по общему владельцу; гипотеза не устанавливает виновность. Видны только переводы внутри банка за июль от 5 000 KZT; внешние потоки и остатки неизвестны. У 14 исходных клиентов (seed) входящие потоки неполны; полный баланс группы неизвестен. На границе четвёртого колена 2 участников; отсутствие выхода не доказывает удержание средств."
49,5,0,338950.00,100000004715209100;100000008190411100;100000003133045100;100000004747154100;100000001498732100,"Возможное распределение средств внутри группы. Распределение: клиент 100000004715209100, внутренних отправителей 0, получателей 4; выход 338 950,00 KZT (100.0% внутреннего оборота). Правило выполняют участников: 1. Через границу группы: вход 5 000,00 KZT, выход 11 500,00 KZT; внутренний оборот 338 950,00 KZT. Группа выделена по связям, а не по общему владельцу; гипотеза не устанавливает виновность. Видны только переводы внутри банка за июль от 5 000 KZT; внешние потоки и остатки неизвестны. На границе четвёртого колена 4 участников; отсутствие выхода не доказывает удержание средств."
50,6,0,2540000.00,100000004479404100;100000004717647100;100000002922000100;100000002659103100;100000001533161100,"Возможное распределение средств внутри группы. Распределение: клиент 100000004717647100, внутренних отправителей 1, получателей 5; выход 2 240 000,00 KZT (88.2% внутреннего оборота). Правило выполняют участников: 1. Через границу группы: вход 12 000,00 KZT, выход 0,00 KZT; внутренний оборот 2 540 000,00 KZT. Группа выделена по связям, а не по общему владельцу; гипотеза не устанавливает виновность. Видны только переводы внутри банка за июль от 5 000 KZT; внешние потоки и остатки неизвестны. На границе четвёртого колена 4 участников; отсутствие выхода не доказывает удержание средств."
51,4,1,79050.00,100000003148220100;100000006888238100;100000001852140100;100000004971871100,"Назначение группы по наблюдаемым переводам не установлено. Связей между разными участниками 4; узлов сбора 0, распределения 0. Отношение суммы min(вход, выход) подходящих участников к внутреннему обороту 0.0% не достигает порога 25%; имеющихся признаков недостаточно. Через границу группы: вход 0,00 KZT, выход 0,00 KZT; внутренний оборот 79 050,00 KZT. Группа выделена по связям, а не по общему владельцу; гипотеза не устанавливает виновность. Видны только переводы внутри банка за июль от 5 000 KZT; внешние потоки и остатки неизвестны. У 1 исходных клиентов (seed) входящие потоки неполны; полный баланс группы неизвестен."
52,5,0,1138730.00,100000003321895100;100000008430691100;100000003692843100;100000007330432100;100000002371892100,"Назначение группы по наблюдаемым переводам не установлено. Связей между разными участниками 3; узлов сбора 0, распределения 0. Отношение суммы min(вход, выход) подходящих участников к внутреннему обороту 0.0% не достигает порога 25%; имеющихся признаков недостаточно. Через границу группы: вход 44 000,00 KZT, выход 20 000,00 KZT; внутренний оборот 1 138 730,00 KZT. Группа выделена по связям, а не по общему владельцу; гипотеза не устанавливает виновность. Видны только переводы внутри банка за июль от 5 000 KZT; внешние потоки и остатки неизвестны. На границе четвёртого колена 3 участников; отсутствие выхода не доказывает удержание средств."
53,6,1,275885.00,100000005485830100;100000005895525100;100000002462183100;100000005056870100;100000007175718100,"Возможное распределение средств внутри группы. Распределение: клиент 100000005485830100, внутренних отправителей 0, получателей 5; выход 275 885,00 KZT (100.0% внутреннего оборота). Правило выполняют участников: 1. Через границу группы: вход 0,00 KZT, выход 0,00 KZT; внутренний оборот 275 885,00 KZT. Группа выделена по связям, а не по общему владельцу; гипотеза не устанавливает виновность. Видны только переводы внутри банка за июль от 5 000 KZT; внешние потоки и остатки неизвестны. У 1 исходных клиентов (seed) входящие потоки неполны; полный баланс группы неизвестен."
54,4,0,332709.00,100000002513028100;100000004610802100;100000002516862100;100000004780083100,"Возможное распределение средств внутри группы. Распределение: клиент 100000002513028100, внутренних отправителей 0, получателей 3; выход 332 709,00 KZT (100.0% внутреннего оборота). Правило выполняют участников: 1. Через границу группы: вход 9 500,00 KZT, выход 0,00 KZT; внутренний оборот 332 709,00 KZT. Группа выделена по связям, а не по общему владельцу; гипотеза не устанавливает виновность. Видны только переводы внутри банка за июль от 5 000 KZT; внешние потоки и остатки неизвестны. На границе четвёртого колена 3 участников; отсутствие выхода не доказывает удержание средств."
55,6,0,2534500.00,100000003747133100;100000004722765100;100000005075949100;100000006527156100;100000002578653100,"Возможное распределение средств внутри группы. Распределение: клиент 100000004722765100, внутренних отправителей 1, получателей 3; выход 2 284 500,00 KZT (90.1% внутреннего оборота). Правило выполняют участников: 1. Через границу группы: вход 237 068,00 KZT, выход 0,00 KZT; внутренний оборот 2 534 500,00 KZT. Группа выделена по связям, а не по общему владельцу; гипотеза не устанавливает виновность. Видны только переводы внутри банка за июль от 5 000 KZT; внешние потоки и остатки неизвестны. На границе четвёртого колена 3 участников; отсутствие выхода не доказывает удержание средств."
56,5,1,2809200.00,100000004135268100;100000008571433100;100000004979498100;100000002738256100;100000007507343100,"Возможное промежуточное прохождение средств внутри группы. Сопоставимые внутренние вход и выход у 2 участников; сумма min(вход, выход) 1 150 400,00 KZT; отношение этой суммы к внутреннему обороту 41.0%. Ключевой промежуточный клиент 100000004135268100. Через границу группы: вход 0,00 KZT, выход 0,00 KZT; внутренний оборот 2 809 200,00 KZT. Группа выделена по связям, а не по общему владельцу; гипотеза не устанавливает виновность. Видны только переводы внутри банка за июль от 5 000 KZT; внешние потоки и остатки неизвестны. У 1 исходных клиентов (seed) входящие потоки неполны; полный баланс группы неизвестен. Сходство месячных сумм не доказывает передачу тех же денег; одна последовательность переводов может учитываться у нескольких участников. Сумма min(вход, выход) не является объёмом уникальных средств."
57,3,1,390167.62,100000002781227100;100000002796853100;100000008522127100,"Возможное промежуточное прохождение средств внутри группы. Сопоставимые внутренние вход и выход у 1 участников; сумма min(вход, выход) 191 167,62 KZT; отношение этой суммы к внутреннему обороту 49.0%. Ключевой промежуточный клиент 100000002781227100. Через границу группы: вход 0,00 KZT, выход 13 420,00 KZT; внутренний оборот 390 167,62 KZT. Группа выделена по связям, а не по общему владельцу; гипотеза не устанавливает виновность. Видны только переводы внутри банка за июль от 5 000 KZT; внешние потоки и остатки неизвестны. У 1 исходных клиентов (seed) входящие потоки неполны; полный баланс группы неизвестен. Сходство месячных сумм не доказывает передачу тех же денег; одна последовательность переводов может учитываться у нескольких участников. Сумма min(вход, выход) не является объёмом уникальных средств."
58,6,0,720900.00,100000008761219100;100000007472293100;100000006638021100;100000008333492100;100000002794374100,"Возможное распределение средств внутри группы. Распределение: клиент 100000007472293100, внутренних отправителей 0, получателей 3; выход 345 900,00 KZT (48.0% внутреннего оборота). Правило выполняют участников: 1. Через границу группы: вход 55 000,00 KZT, выход 0,00 KZT; внутренний оборот 720 900,00 KZT. Группа выделена по связям, а не по общему владельцу; гипотеза не устанавливает виновность. Видны только переводы внутри банка за июль от 5 000 KZT; внешние потоки и остатки неизвестны. На границе четвёртого колена 4 участников; отсутствие выхода не доказывает удержание средств."
59,2,1,30000.00,100000003980083100;100000003200071100,"Назначение группы по наблюдаемым переводам не установлено. Связей между разными участниками 1; узлов сбора 0, распределения 0. Отношение суммы min(вход, выход) подходящих участников к внутреннему обороту 0.0% не достигает порога 25%; имеющихся признаков недостаточно. Через границу группы: вход 0,00 KZT, выход 0,00 KZT; внутренний оборот 30 000,00 KZT. Группа выделена по связям, а не по общему владельцу; гипотеза не устанавливает виновность. Видны только переводы внутри банка за июль от 5 000 KZT; внешние потоки и остатки неизвестны. У 1 исходных клиентов (seed) входящие потоки неполны; полный баланс группы неизвестен."
60,10,0,1727065.00,100000004017410100;100000005519998100;100000004076740100;100000004336312100;100000005767403100,"Возможное распределение средств внутри группы. Распределение: клиент 100000004017410100, внутренних отправителей 2, получателей 5; выход 1 330 915,00 KZT (77.1% внутреннего оборота). Правило выполняют участников: 1. Через границу группы: вход 46 250,00 KZT, выход 8 000,00 KZT; внутренний оборот 1 727 065,00 KZT. Группа выделена по связям, а не по общему владельцу; гипотеза не устанавливает виновность. Видны только переводы внутри банка за июль от 5 000 KZT; внешние потоки и остатки неизвестны. На границе четвёртого колена 2 участников; отсутствие выхода не доказывает удержание средств. Сходство месячных сумм не доказывает передачу тех же денег; одна последовательность переводов может учитываться у нескольких участников. Сумма min(вход, выход) не является объёмом уникальных средств."
61,1,1,0.00,100000003265658100,"Назначение группы по наблюдаемым переводам не установлено. Наблюдаемых связей 0; без переводов определить функцию группы нельзя. Через границу группы: вход 0,00 KZT, выход 0,00 KZT; внутренний оборот 0,00 KZT. Группа выделена по связям, а не по общему владельцу; гипотеза не устанавливает виновность. Видны только переводы внутри банка за июль от 5 000 KZT; внешние потоки и остатки неизвестны. У 1 исходных клиентов (seed) входящие потоки неполны; полный баланс группы неизвестен."
62,1,1,0.00,100000003349739100,"Назначение группы по наблюдаемым переводам не установлено. Наблюдаемых связей 0; без переводов определить функцию группы нельзя. Через границу группы: вход 0,00 KZT, выход 0,00 KZT; внутренний оборот 0,00 KZT. Группа выделена по связям, а не по общему владельцу; гипотеза не устанавливает виновность. Видны только переводы внутри банка за июль от 5 000 KZT; внешние потоки и остатки неизвестны. У 1 исходных клиентов (seed) входящие потоки неполны; полный баланс группы неизвестен."
63,7,0,1765600.00,100000007392365100;100000007865484100;100000008551752100;100000003631015100;100000004976946100,"Возможное распределение средств внутри группы. Распределение: клиент 100000007392365100, внутренних отправителей 0, получателей 6; выход 1 765 600,00 KZT (100.0% внутреннего оборота). Правило выполняют участников: 1. Через границу группы: вход 9 613,00 KZT, выход 0,00 KZT; внутренний оборот 1 765 600,00 KZT. Группа выделена по связям, а не по общему владельцу; гипотеза не устанавливает виновность. Видны только переводы внутри банка за июль от 5 000 KZT; внешние потоки и остатки неизвестны. На границе четвёртого колена 6 участников; отсутствие выхода не доказывает удержание средств."
64,7,0,1268308.00,100000008011159100;100000006169033100;100000006232642100;100000003664994100;100000005754335100,"Возможное распределение средств внутри группы. Распределение: клиент 100000006169033100, внутренних отправителей 1, получателей 3; выход 1 140 271,00 KZT (89.9% внутреннего оборота). Правило выполняют участников: 1. Через границу группы: вход 17 000,00 KZT, выход 25 000,00 KZT; внутренний оборот 1 268 308,00 KZT. Группа выделена по связям, а не по общему владельцу; гипотеза не устанавливает виновность. Видны только переводы внутри банка за июль от 5 000 KZT; внешние потоки и остатки неизвестны. На границе четвёртого колена 2 участников; отсутствие выхода не доказывает удержание средств."
65,1,1,0.00,100000003770083100,"Назначение группы по наблюдаемым переводам не установлено. Наблюдаемых связей 0; без переводов определить функцию группы нельзя. Через границу группы: вход 0,00 KZT, выход 0,00 KZT; внутренний оборот 0,00 KZT. Группа выделена по связям, а не по общему владельцу; гипотеза не устанавливает виновность. Видны только переводы внутри банка за июль от 5 000 KZT; внешние потоки и остатки неизвестны. У 1 исходных клиентов (seed) входящие потоки неполны; полный баланс группы неизвестен."
66,2,1,81465.00,100000003865939100;100000005392290100,"Назначение группы по наблюдаемым переводам не установлено. Связей между разными участниками 1; узлов сбора 0, распределения 0. Отношение суммы min(вход, выход) подходящих участников к внутреннему обороту 0.0% не достигает порога 25%; имеющихся признаков недостаточно. Через границу группы: вход 0,00 KZT, выход 0,00 KZT; внутренний оборот 81 465,00 KZT. Группа выделена по связям, а не по общему владельцу; гипотеза не устанавливает виновность. Видны только переводы внутри банка за июль от 5 000 KZT; внешние потоки и остатки неизвестны. У 1 исходных клиентов (seed) входящие потоки неполны; полный баланс группы неизвестен."
67,1,1,0.00,100000004021459100,"Назначение группы по наблюдаемым переводам не установлено. Наблюдаемых связей 0; без переводов определить функцию группы нельзя. Через границу группы: вход 0,00 KZT, выход 0,00 KZT; внутренний оборот 0,00 KZT. Группа выделена по связям, а не по общему владельцу; гипотеза не устанавливает виновность. Видны только переводы внутри банка за июль от 5 000 KZT; внешние потоки и остатки неизвестны. У 1 исходных клиентов (seed) входящие потоки неполны; полный баланс группы неизвестен."
68,3,0,1557988.00,100000008258458100;100000004035925100;100000008619159100,"Назначение группы по наблюдаемым переводам не установлено. Связей между разными участниками 2; узлов сбора 0, распределения 0. Отношение суммы min(вход, выход) подходящих участников к внутреннему обороту 0.0% не достигает порога 25%; имеющихся признаков недостаточно. Через границу группы: вход 19 000,00 KZT, выход 0,00 KZT; внутренний оборот 1 557 988,00 KZT. Группа выделена по связям, а не по общему владельцу; гипотеза не устанавливает виновность. Видны только переводы внутри банка за июль от 5 000 KZT; внешние потоки и остатки неизвестны. На границе четвёртого колена 2 участников; отсутствие выхода не доказывает удержание средств."
69,6,1,383300.00,100000005547096100;100000005546031100;100000004094958100;100000004331458100;100000008575624100,"Назначение группы по наблюдаемым переводам не установлено. Связей между разными участниками 8; узлов сбора 0, распределения 0. Отношение суммы min(вход, выход) подходящих участников к внутреннему обороту 15.3% не достигает порога 25%; имеющихся признаков недостаточно. Через границу группы: вход 0,00 KZT, выход 0,00 KZT; внутренний оборот 383 300,00 KZT. Группа выделена по связям, а не по общему владельцу; гипотеза не устанавливает виновность. Видны только переводы внутри банка за июль от 5 000 KZT; внешние потоки и остатки неизвестны. У 1 исходных клиентов (seed) входящие потоки неполны; полный баланс группы неизвестен. Сходство месячных сумм не доказывает передачу тех же денег; одна последовательность переводов может учитываться у нескольких участников. Сумма min(вход, выход) не является объёмом уникальных средств."
70,1,1,0.00,100000004174835100,"Назначение группы по наблюдаемым переводам не установлено. Наблюдаемых связей 0; без переводов определить функцию группы нельзя. Через границу группы: вход 0,00 KZT, выход 0,00 KZT; внутренний оборот 0,00 KZT. Группа выделена по связям, а не по общему владельцу; гипотеза не устанавливает виновность. Видны только переводы внутри банка за июль от 5 000 KZT; внешние потоки и остатки неизвестны. У 1 исходных клиентов (seed) входящие потоки неполны; полный баланс группы неизвестен."
71,4,2,1499679.00,100000008418835100;100000004269433100;100000008730021100;100000008701944100,"Назначение группы по наблюдаемым переводам не установлено. Связей между разными участниками 3; узлов сбора 0, распределения 0. Отношение суммы min(вход, выход) подходящих участников к внутреннему обороту 0.0% не достигает порога 25%; имеющихся признаков недостаточно. Через границу группы: вход 0,00 KZT, выход 58 500,00 KZT; внутренний оборот 1 499 679,00 KZT. Группа выделена по связям, а не по общему владельцу; гипотеза не устанавливает виновность. Видны только переводы внутри банка за июль от 5 000 KZT; внешние потоки и остатки неизвестны. У 2 исходных клиентов (seed) входящие потоки неполны; полный баланс группы неизвестен."
72,3,1,450816.00,100000005034574100;100000007283257100;100000004388983100,"Назначение группы по наблюдаемым переводам не установлено. Связей между разными участниками 2; узлов сбора 0, распределения 0. Отношение суммы min(вход, выход) подходящих участников к внутреннему обороту 0.0% не достигает порога 25%; имеющихся признаков недостаточно. Через границу группы: вход 0,00 KZT, выход 0,00 KZT; внутренний оборот 450 816,00 KZT. Группа выделена по связям, а не по общему владельцу; гипотеза не устанавливает виновность. Видны только переводы внутри банка за июль от 5 000 KZT; внешние потоки и остатки неизвестны. У 1 исходных клиентов (seed) входящие потоки неполны; полный баланс группы неизвестен."
73,3,0,627870.00,100000008628231100;100000005664632100;100000004666651100,"Назначение группы по наблюдаемым переводам не установлено. Связей между разными участниками 2; узлов сбора 0, распределения 0. Отношение суммы min(вход, выход) подходящих участников к внутреннему обороту 0.0% не достигает порога 25%; имеющихся признаков недостаточно. Через границу группы: вход 50 000,00 KZT, выход 0,00 KZT; внутренний оборот 627 870,00 KZT. Группа выделена по связям, а не по общему владельцу; гипотеза не устанавливает виновность. Видны только переводы внутри банка за июль от 5 000 KZT; внешние потоки и остатки неизвестны."
74,1,1,0.00,100000005017150100,"Назначение группы по наблюдаемым переводам не установлено. Наблюдаемых связей 0; без переводов определить функцию группы нельзя. Через границу группы: вход 0,00 KZT, выход 0,00 KZT; внутренний оборот 0,00 KZT. Группа выделена по связям, а не по общему владельцу; гипотеза не устанавливает виновность. Видны только переводы внутри банка за июль от 5 000 KZT; внешние потоки и остатки неизвестны. У 1 исходных клиентов (seed) входящие потоки неполны; полный баланс группы неизвестен."
75,1,1,0.00,100000005087431100,"Назначение группы по наблюдаемым переводам не установлено. Наблюдаемых связей 0; без переводов определить функцию группы нельзя. Через границу группы: вход 0,00 KZT, выход 0,00 KZT; внутренний оборот 0,00 KZT. Группа выделена по связям, а не по общему владельцу; гипотеза не устанавливает виновность. Видны только переводы внутри банка за июль от 5 000 KZT; внешние потоки и остатки неизвестны. У 1 исходных клиентов (seed) входящие потоки неполны; полный баланс группы неизвестен."
76,1,1,0.00,100000005235389100,"Назначение группы по наблюдаемым переводам не установлено. Наблюдаемых связей 0; без переводов определить функцию группы нельзя. Через границу группы: вход 0,00 KZT, выход 0,00 KZT; внутренний оборот 0,00 KZT. Группа выделена по связям, а не по общему владельцу; гипотеза не устанавливает виновность. Видны только переводы внутри банка за июль от 5 000 KZT; внешние потоки и остатки неизвестны. У 1 исходных клиентов (seed) входящие потоки неполны; полный баланс группы неизвестен."
77,1,1,0.00,100000005480435100,"Назначение группы по наблюдаемым переводам не установлено. Наблюдаемых связей 0; без переводов определить функцию группы нельзя. Через границу группы: вход 0,00 KZT, выход 0,00 KZT; внутренний оборот 0,00 KZT. Группа выделена по связям, а не по общему владельцу; гипотеза не устанавливает виновность. Видны только переводы внутри банка за июль от 5 000 KZT; внешние потоки и остатки неизвестны. У 1 исходных клиентов (seed) входящие потоки неполны; полный баланс группы неизвестен."
78,1,1,0.00,100000005495722100,"Назначение группы по наблюдаемым переводам не установлено. Наблюдаемых связей 0; без переводов определить функцию группы нельзя. Через границу группы: вход 0,00 KZT, выход 0,00 KZT; внутренний оборот 0,00 KZT. Группа выделена по связям, а не по общему владельцу; гипотеза не устанавливает виновность. Видны только переводы внутри банка за июль от 5 000 KZT; внешние потоки и остатки неизвестны. У 1 исходных клиентов (seed) входящие потоки неполны; полный баланс группы неизвестен."
79,1,1,0.00,100000005550592100,"Назначение группы по наблюдаемым переводам не установлено. Наблюдаемых связей 0; без переводов определить функцию группы нельзя. Через границу группы: вход 0,00 KZT, выход 0,00 KZT; внутренний оборот 0,00 KZT. Группа выделена по связям, а не по общему владельцу; гипотеза не устанавливает виновность. Видны только переводы внутри банка за июль от 5 000 KZT; внешние потоки и остатки неизвестны. У 1 исходных клиентов (seed) входящие потоки неполны; полный баланс группы неизвестен."
80,1,1,0.00,100000005560900100,"Назначение группы по наблюдаемым переводам не установлено. Наблюдаемых связей 0; без переводов определить функцию группы нельзя. Через границу группы: вход 0,00 KZT, выход 0,00 KZT; внутренний оборот 0,00 KZT. Группа выделена по связям, а не по общему владельцу; гипотеза не устанавливает виновность. Видны только переводы внутри банка за июль от 5 000 KZT; внешние потоки и остатки неизвестны. У 1 исходных клиентов (seed) входящие потоки неполны; полный баланс группы неизвестен."
81,1,1,0.00,100000005568407100,"Назначение группы по наблюдаемым переводам не установлено. Наблюдаемых связей 0; без переводов определить функцию группы нельзя. Через границу группы: вход 0,00 KZT, выход 0,00 KZT; внутренний оборот 0,00 KZT. Группа выделена по связям, а не по общему владельцу; гипотеза не устанавливает виновность. Видны только переводы внутри банка за июль от 5 000 KZT; внешние потоки и остатки неизвестны. У 1 исходных клиентов (seed) входящие потоки неполны; полный баланс группы неизвестен."
82,5,2,108007.00,100000006562026100;100000006249740100;100000007347733100;100000006831291100;100000008129393100,"Возможное распределение средств внутри группы. Распределение: клиент 100000006249740100, внутренних отправителей 0, получателей 3; выход 93 007,00 KZT (86.1% внутреннего оборота). Правило выполняют участников: 1. Через границу группы: вход 0,00 KZT, выход 0,00 KZT; внутренний оборот 108 007,00 KZT. Группа выделена по связям, а не по общему владельцу; гипотеза не устанавливает виновность. Видны только переводы внутри банка за июль от 5 000 KZT; внешние потоки и остатки неизвестны. У 2 исходных клиентов (seed) входящие потоки неполны; полный баланс группы неизвестен."
83,2,0,857500.00,100000008324800100;100000007390016100,"Назначение группы по наблюдаемым переводам не установлено. Связей между разными участниками 2; узлов сбора 0, распределения 0. Отношение суммы min(вход, выход) подходящих участников к внутреннему обороту 0.0% не достигает порога 25%; имеющихся признаков недостаточно. Через границу группы: вход 180 000,00 KZT, выход 0,00 KZT; внутренний оборот 857 500,00 KZT. Группа выделена по связям, а не по общему владельцу; гипотеза не устанавливает виновность. Видны только переводы внутри банка за июль от 5 000 KZT; внешние потоки и остатки неизвестны."
84,1,1,0.00,100000008117324100,"Назначение группы по наблюдаемым переводам не установлено. Наблюдаемых связей 0; без переводов определить функцию группы нельзя. Через границу группы: вход 0,00 KZT, выход 0,00 KZT; внутренний оборот 0,00 KZT. Группа выделена по связям, а не по общему владельцу; гипотеза не устанавливает виновность. Видны только переводы внутри банка за июль от 5 000 KZT; внешние потоки и остатки неизвестны. У 1 исходных клиентов (seed) входящие потоки неполны; полный баланс группы неизвестен."
85,1,1,0.00,100000008205000100,"Назначение группы по наблюдаемым переводам не установлено. Наблюдаемых связей 0; без переводов определить функцию группы нельзя. Через границу группы: вход 0,00 KZT, выход 0,00 KZT; внутренний оборот 0,00 KZT. Группа выделена по связям, а не по общему владельцу; гипотеза не устанавливает виновность. Видны только переводы внутри банка за июль от 5 000 KZT; внешние потоки и остатки неизвестны. У 1 исходных клиентов (seed) входящие потоки неполны; полный баланс группы неизвестен."
86,1,1,0.00,100000008513251100,"Назначение группы по наблюдаемым переводам не установлено. Наблюдаемых связей 0; без переводов определить функцию группы нельзя. Через границу группы: вход 0,00 KZT, выход 0,00 KZT; внутренний оборот 0,00 KZT. Группа выделена по связям, а не по общему владельцу; гипотеза не устанавливает виновность. Видны только переводы внутри банка за июль от 5 000 KZT; внешние потоки и остатки неизвестны. У 1 исходных клиентов (seed) входящие потоки неполны; полный баланс группы неизвестен."
87,1,1,0.00,100000008669037100,"Назначение группы по наблюдаемым переводам не установлено. Наблюдаемых связей 0; без переводов определить функцию группы нельзя. Через границу группы: вход 0,00 KZT, выход 0,00 KZT; внутренний оборот 0,00 KZT. Группа выделена по связям, а не по общему владельцу; гипотеза не устанавливает виновность. Видны только переводы внутри банка за июль от 5 000 KZT; внешние потоки и остатки неизвестны. У 1 исходных клиентов (seed) входящие потоки неполны; полный баланс группы неизвестен."
88,1,1,0.00,100000008701222100,"Назначение группы по наблюдаемым переводам не установлено. Наблюдаемых связей 0; без переводов определить функцию группы нельзя. Через границу группы: вход 0,00 KZT, выход 0,00 KZT; внутренний оборот 0,00 KZT. Группа выделена по связям, а не по общему владельцу; гипотеза не устанавливает виновность. Видны только переводы внутри банка за июль от 5 000 KZT; внешние потоки и остатки неизвестны. У 1 исходных клиентов (seed) входящие потоки неполны; полный баланс группы неизвестен."
